{"cameraMode":{"drawMode":0,"name":"Shaded","section":"Shading Mode"},"sceneLighting":true,"audioPlay":false,"sceneViewState":{"showFog":false,"showMaterialUpdate":false,"showSkybox":false,"showFlares":false,"showImageEffects":false,"showParticleSystems":false},"in2DMode":false,"pivot":{"x":-3.811455011367798,"y":1.9411240816116334,"z":1.8244423866271973},"rotation":{"x":-0.003050076076760888,"y":0.9701170325279236,"z":-0.24235524237155915,"w":-0.012193756178021431},"size":2.8578836917877199,"orthographic":false}