{"cameraMode":{"drawMode":0,"name":"Shaded","section":"Shading Mode"},"sceneLighting":true,"audioPlay":false,"sceneViewState":{"showFog":false,"showMaterialUpdate":false,"showSkybox":false,"showFlares":false,"showImageEffects":false,"showParticleSystems":false},"in2DMode":false,"pivot":{"x":-10.581294059753418,"y":4.352921962738037,"z":-5.865139961242676},"rotation":{"x":0.06013766676187515,"y":0.40008044242858889,"z":0.02631603740155697,"w":-0.9141439199447632},"size":5.857884883880615,"orthographic":false}