{"cameraMode":{"drawMode":0,"name":"Shaded","section":"Shading Mode"},"sceneLighting":false,"audioPlay":false,"sceneViewState":{"showFog":false,"showMaterialUpdate":false,"showSkybox":false,"showFlares":false,"showImageEffects":false,"showParticleSystems":false},"in2DMode":false,"pivot":{"x":-1.7595975399017335,"y":0.6985546350479126,"z":2.2072677612304689},"rotation":{"x":0.1838664561510086,"y":0.6989685893058777,"z":-0.1937214881181717,"w":0.6634095907211304},"size":5.205198287963867,"orthographic":false}